{
  "precision_at_k": 0.012265666845206245,
  "recall_at_k": 0.025499521770107735,
  "ndcg_at_k": 0.021463606864874075,
  "map_at_k": 0.010429646208301804
}