{
  "precision_at_k": 0.009748259239421528,
  "recall_at_k": 0.020950128701022818,
  "ndcg_at_k": 0.015411205044667347,
  "map_at_k": 0.006635589331648069
}