{
  "precision_at_k": 0.06636700158646149,
  "recall_at_k": 0.20577268782324518,
  "ndcg_at_k": 0.17913918632257714,
  "map_at_k": 0.11540860211722814
}