{
  "precision_at_k": 0.012152034261242003,
  "recall_at_k": 0.02643808124337044,
  "ndcg_at_k": 0.021333670821036706,
  "map_at_k": 0.010604171083930436
}