{
  "precision_at_k": 0.009314775160599562,
  "recall_at_k": 0.01880645410081946,
  "ndcg_at_k": 0.014608842168459143,
  "map_at_k": 0.006385125278995728
}