{
  "precision_at_k": 0.011991434689507521,
  "recall_at_k": 0.024455416920626912,
  "ndcg_at_k": 0.019974919022801928,
  "map_at_k": 0.009820807541233633
}