{
  "precision_at_k": 0.009582441113490358,
  "recall_at_k": 0.0207258842459175,
  "ndcg_at_k": 0.015776206330551257,
  "map_at_k": 0.007148413622328933
}