{
  "precision_at_k": 0.06636700158646149,
  "recall_at_k": 0.20577268782324518,
  "ndcg_at_k": 0.17913693446640538,
  "map_at_k": 0.1154083922677322
}